document,dep,nk,ROOT,punct,app,sb,op,pnc,par,oa,mnr,ac,mo,rc,cj,uc,cd,ag,pd,da,oc,pg,svp,pm,sbp,cp,ng,re,nmc,rs,ams
Albers.txt,0.057931036,0.32827586,0.08137931,0.11655173,0.0034482758,0.06827586,0.004827586,0.013793103,0.012413793,0.028965518,0.033793103,0.0034482758,0.13862069,0.0034482758,0.039310344,0.0020689655,0.025517242,0.020689655,0.015172414,0.0034482758,0.040689655,0.0006896552,0.0055172415,0.0034482758,0.0013793104,0.0027586208,0.0013793104,0.0006896552,,,
Amanda_Alzheimer.txt,0.10846561,0.26895943,0.090828925,0.2292769,0.01058201,0.0361552,0.004409171,0.049382716,0.028218694,0.014991182,0.030864198,0.0017636684,0.090828925,0.0026455026,0.0670194,0.0035273368,0.013227513,0.01058201,0.014991182,0.0017636684,0.005291005,0.0026455026,0.0017636684,0.0008818342,,0.0008818342,0.004409171,,0.0026455026,0.0026455026,0.0008818342
