document,nmc,nk,dep,ROOT,sb,pd,mnr,pnc,punct,cd,ag,mo,oa,oc,cj,app
Koronarthrombose.txt,0.031914894,0.34042552,0.06382979,0.10638298,0.04255319,0.08510638,0.05319149,0.12765957,0.14893617,0.010638298,0.04255319,0.010638298,,,,
Olfaktorischer Neglect.txt,,0.31958762,0.11340206,0.17525773,0.05154639,0.010309278,,0.14432989,0.12371134,,0.020618556,0.06185567,0.030927835,0.020618556,0.020618556,0.020618556
