document,is_alpha,is_ascii,is_digit,is_lower,is_upper,is_title,is_punct,is_left_punct,is_right_punct,is_space,is_bracket,is_quote,is_currency,like_url,like_num,like_email,is_oov,is_stop
Albers.txt,0.8096552,0.9882759,0.007586207,0.52068967,0.0062068966,0.30206898,0.12620689,0.013103448,0.012413793,0.057931036,0.025517242,0.0,0.0,0.0013793104,0.028965518,0.0,1.0579311,0.3413793
Amanda_Alzheimer.txt,0.58465606,1.0379189,0.031746034,0.34920636,0.055555556,0.24779542,0.24162258,0.020282187,0.02292769,0.1005291,0.043209877,0.0,0.0,0.0008818342,0.081128746,0.0,1.1005291,0.15873016
