,gra,wiki
gra,0.0,1.406521647115443
wiki,1.406521647115443,0.0
