,gra,wiki
gra,0.0,1.4065216471154325
wiki,1.4065216471154325,0.0
