,gra,wiki
gra,0.0,0.7043221012428394
wiki,0.7043221012428394,0.0
