,gra,wiki
gra,0.0,124.84790747145104
wiki,124.84790747145104,0.0
