,gra,wiki
gra,0.0,1.6107226107226107
wiki,1.6107226107226107,0.0
