,gra,wiki
gra,0.0,1273.0146062271062
wiki,1273.0146062271062,0.0
