,gra,wiki
gra,0.0,0.9718706047819972
wiki,0.9718706047819972,0.0
