,gra,wiki
gra,0.0,0.8786227478415469
wiki,0.8786227478415469,0.0
