,gra,wiki
gra,0.0,2559.9999999999995
wiki,2559.9999999999995,0.0
