corpus,AvgClosenessCentralization,AvgConstituents_sent,AvgFan,AvgLenTunits,AvgMaxDepth,AvgNonTerminales_sent,AvgOutdegreeCentralization,AvgTunits_sent
gra,0.3628029580330744,0.054054054054054,3.228102189781022,8.179012345679013,4.139240506329114,3.880851063829787,0.0515193228521668,0.7297297297297297
wiki,0.4393332517385949,0.64,4.433962264150943,6.833333333333333,2.9285714285714284,1.3846153846153846,0.0529059305034211,0.24
