document,ORG,PER,MISC,LOC
Albers.txt,0.0055172415,0.015172414,0.017931035,0.012413793
Amanda_Alzheimer.txt,0.01675485,0.022045854,0.031746034,0.014109347
