document,odenet-7041-a,odenet-13642-a,odenet-15336-a,odenet-13070-n,odenet-926-n,odenet-2495-n,odenet-4734-n,odenet-6998-n,odenet-20379-n,odenet-6257-n,odenet-1577-n,odenet-734-n,odenet-1080-n,odenet-27743-n,odenet-22821-n,odenet-20875-n,odenet-10345-v,odenet-31045-v,odenet-6425-a,odenet-10591-a,odenet-6432-a,odenet-13324-a,odenet-13332-a,odenet-27355-a,odenet-2162-n,odenet-4948-n,odenet-19973-n,odenet-23742-n,odenet-35144-n,odenet-14396-a,odenet-11950-n,odenet-578-n,odenet-4443-n,odenet-27770-n,odenet-4051-v,odenet-11567-v,odenet-17383-v,odenet-17556-v,odenet-1208-v,odenet-4630-v,odenet-12880-v,odenet-34900-n,odenet-9251-v,odenet-11799-v,odenet-12882-v
Koronarthrombose.txt,0.010638298,0.010638298,0.010638298,0.010638298,0.010638298,0.010638298,0.010638298,0.010638298,0.010638298,0.010638298,0.010638298,0.021276595,0.021276595,0.021276595,0.021276595,0.010638298,,,,,,,,,,,,,,,,,,,,,,,,,,,,,
Olfaktorischer Neglect.txt,,,,,,,,,,,,0.010309278,0.010309278,0.020618556,,,0.010309278,0.010309278,0.010309278,0.010309278,0.010309278,0.010309278,0.010309278,0.010309278,0.010309278,0.010309278,0.010309278,0.010309278,0.010309278,0.020618556,0.010309278,0.010309278,0.010309278,0.010309278,0.010309278,0.010309278,0.010309278,0.010309278,0.010309278,0.010309278,0.010309278,0.010309278,0.010309278,0.010309278,0.010309278
