document,dep,nk,sb,punct,ROOT,mo,op,pnc,par,oa,mnr,ac,cj,app,cd,ag,oc,pd,rc,da,nmc,rs,sbp,pg,svp,pm,cp,ng,re,uc
Albers.txt,0.05862069,0.32482758,0.07586207,0.118620686,0.082068965,0.14413793,0.004827586,0.007586207,0.010344828,0.03448276,0.032413792,0.0034482758,0.033103447,0.0020689655,0.026206896,0.02137931,0.04137931,0.015172414,0.0020689655,0.0020689655,0.0006896552,0.0006896552,0.0006896552,0.0006896552,0.004137931,0.0034482758,0.0027586208,0.0013793104,0.0006896552,0.0020689655
Amanda_Alzheimer.txt,0.1005291,0.26455027,0.037037037,0.2319224,0.08994709,0.08024691,0.0035273368,0.038800705,0.037037037,0.02116402,0.0361552,0.0017636684,0.07583774,0.01058201,0.013227513,0.014991182,0.0070546735,0.015873017,0.0017636684,0.0017636684,0.0008818342,,,0.0026455026,0.0035273368,0.0008818342,0.0008818342,0.004409171,,0.0035273368
