document,pnc,nmc,dep,nk,ROOT,mnr,ag,punct,sb,uc,cd,app,pd,mo,oa,oc,cj,par
Koronarthrombose.txt,0.07446808,0.010638298,0.06382979,0.38297874,0.14893617,0.05319149,0.06382979,0.12765957,0.021276595,0.010638298,0.010638298,0.010638298,0.08510638,,,,,
Olfaktorischer Neglect.txt,0.082474224,,0.11340206,0.3814433,0.11340206,,0.072164945,0.12371134,0.072164945,,,,0.020618556,0.05154639,0.020618556,0.010309278,0.041237112,0.010309278
