document,CNP,NP,S,PN,PP,CAP,CS,VP,AP,CO,CAVP,CPP,CVP,VZ,DL,AA
Albers.txt,0.014482759,0.11931034,0.07310345,0.0020689655,0.106206894,0.007586207,0.0068965517,0.037931036,0.013103448,0.0006896552,0.0006896552,0.0020689655,0.0013793104,0.004137931,0.0006896552,
Amanda_Alzheimer.txt,0.014109347,0.107583776,0.051146384,0.014109347,0.07495591,0.0026455026,0.0070546735,0.012345679,0.012345679,0.0035273368,,0.0026455026,,,0.0017636684,0.0008818342
