document,SPACE,ADJ,NOUN,PUNCT,SCONJ,PRON,VERB,ADP,PROPN,DET,NUM,ADV,X,CCONJ,AUX,PART
Albers.txt,0.057931036,0.0862069,0.23034483,0.11655173,0.004137931,0.039310344,0.07172414,0.11310345,0.054482758,0.090344824,0.011724138,0.09448276,0.014482759,0.025517242,0.04275862,0.004827586
Amanda_Alzheimer.txt,0.1005291,0.0723104,0.22222222,0.22751322,0.0017636684,0.009700176,0.030864198,0.07054674,0.1446208,0.032627866,0.056437388,0.064373896,0.04144621,0.013227513,0.0061728396,0.0061728396
