document,NOUN,PROPN,SPACE,NUM,PRON,X,ADP,ADJ,DET,PUNCT,CCONJ,AUX,VERB,ADV
Koronarthrombose.txt,0.35106382,0.19148937,0.06382979,0.04255319,0.021276595,0.05319149,0.05319149,0.031914894,0.095744684,0.12765957,0.010638298,0.021276595,,
Olfaktorischer Neglect.txt,0.28865978,0.17525773,0.11340206,0.041237112,,0.12371134,0.020618556,0.10309278,0.082474224,0.10309278,,0.010309278,0.020618556,0.030927835
