,gra,wiki
gra,,0.04541935029739908
wiki,0.00806678310609116,
