document,SPACE,ADJ,NOUN,PROPN,PUNCT,VERB,PRON,ADP,NUM,DET,ADV,X,CCONJ,AUX,PART,SCONJ
Albers.txt,0.057931036,0.082068965,0.22896552,0.053103447,0.11655173,0.07586207,0.038620688,0.11586207,0.015862068,0.091724135,0.08551724,0.02,0.025517242,0.04275862,0.004827586,0.0027586208
Amanda_Alzheimer.txt,0.10405644,0.06525573,0.21957672,0.1446208,0.22574955,0.030864198,0.009700176,0.074074075,0.06084656,0.0335097,0.06790123,0.037037037,0.013227513,0.0061728396,0.0061728396,0.0017636684
