document,PUNCT,NOUN,PROPN,SPACE,NUM,X,ADP,ADJ,DET,CCONJ,AUX,PRON,ADV,VERB
Koronarthrombose.txt,0.18085106,0.15957446,0.3723404,0.06382979,0.031914894,0.04255319,0.05319149,0.021276595,0.095744684,0.010638298,0.021276595,0.010638298,,
Olfaktorischer Neglect.txt,0.11340206,0.21649484,0.30927834,0.11340206,0.05154639,0.082474224,0.020618556,0.06185567,0.072164945,,0.010309278,,0.041237112,0.020618556
