document,valence,arousal,dominance,joy,anger,sadness,fear,disgust
Albers.txt,4.9125,3.9484007,5.144519,1.864177,1.5567702,1.5067701,1.5742701,1.5581522
Amanda_Alzheimer.txt,4.888689,3.9362922,5.095075,1.8202248,1.5499812,1.4987079,1.5676217,1.5573221
