document,valence,arousal,dominance,joy,anger,sadness,fear,disgust
Koronarthrombose.txt,4.3619046,4.025238,4.707619,1.69,1.73,1.6938095,1.7557143,1.7195238
Olfaktorischer Neglect.txt,4.6875,3.8961363,4.9256816,1.8268182,1.5540909,1.5034091,1.5638636,1.5652273
