,gra,wiki
gra,,0.08777361673970682
wiki,4.603155786400098e-14,
