document,type_token_ratio,lexical_density,guiraud_r,herdan_c,maas_a2,tuldava_ln,brunet_w,cttr,summer_s,sttr,sichel_s,michea_m,entropy,yule_k,simpson_d,herdan_vm,hdd,evenness,mattr,mtld
Albers.txt,0.5006896,46.827587,19.065695,3.3186026,76.44622,-0.13737524,10.425773,13.481482,0.94969577,1.154733,0.1046832,3262.2131,10.407109,3.158558,0.030253634,0.08298244,0.09617258,3.3668606,0.9386225,115.64853
Amanda_Alzheimer.txt,0.5282187,33.156967,17.78772,3.278469,77.30739,-0.1421762,10.394596,12.577818,0.9512335,1.1653515,0.111853085,3343.7065,9.58014,3.5961437,0.034528002,0.09396879,0.09086903,3.1979294,0.89525104,87.37707
