document,type_token_ratio,lexical_density,guiraud_r,herdan_c,maas_a2,tuldava_ln,brunet_w,cttr,summer_s,sttr,sichel_s,michea_m,entropy,yule_k,simpson_d,herdan_vm,hdd,evenness,mattr,mtld
Koronarthrombose.txt,0.5,21.276596,4.84768,2.543614,28.88327,-0.22000495,10.412303,3.4278274,0.8906348,1.5789474,0.17021276,1334.5929,5.535405,17.790855,0.160037,0.16887775,0.09736518,3.4393406,0.6467742,9.207364
Olfaktorischer Neglect.txt,0.57731956,30.927835,5.6859384,2.647311,36.88544,-0.21852334,9.866603,4.0205655,0.9158648,1.5789474,0.125,1829.8844,5.433466,9.598214,0.084415585,0.14172246,0.11060204,2.7922492,0.7328205,18.333364
