document,sem_rich_synonyms,sem_rich_taxonyms,sem_rich_hyponyms,sem_rich_holonyms,sem_rich_antonyms,sem_rich_meronyms,sem_depth_min,sem_depth_max,synsets_avg,senses_avg
Albers.txt,5.1248274,1.4062068,3.3703449,0.029655172,0.4765517,0.022068966,0.41319942,0.45050216,0.48068964,0.48068964
Amanda_Alzheimer.txt,3.8977072,0.8174603,1.9021164,0.038800705,0.44973546,0.0070546735,0.40625,0.4375,0.42328042,0.42328042
