corpus,brunet_w,cttr,dugast_k,dugast_u,entropy,evenness,guiraud_r,hdd,herdan_c,herdan_vm,honore_h,lexical_density,maas_a2,mattr,michea_m,mtld,sichel_s,simpson_d,sttr,summer_s,tuldava_ln,type_token_ratio,yule_k
gra,10.104042422039877,17.02629545268451,3.4490256702944637,82.52848320571485,11.64963393477396,3.4596407690205093,24.07881794615779,0.0920975334768714,0.9048993922335564,0.0829590748515792,3304.8394813198106,28.48297213622291,7.741924133218908,0.9211076280041798,8.27027027027027,107.0466950094582,0.1209150326797385,0.0326156082492959,1.1372473345411875,0.951522899092155,-0.1272734359186747,0.4736842105263157,3.349673202614379
wiki,11.431903419934075,4.451307237840863,2.6924778923850075,34.572593958004354,6.870078690371946,3.126707556994837,6.295099066044068,0.1095582002144604,0.8502809649640607,0.1616841885916323,1827.7911529602272,26.17801047120419,5.09038525207627,0.6941299790356394,9.666666666666666,15.291858660255045,0.1034482758620689,0.1579791499599037,1.5394736842105263,0.9022172490589856,-0.190368589116416,0.4554973821989528,16.990355397014138
