corpus,AvgClosenessCentralization,AvgDepDist,AvgFan,AvgMaxDepth,AvgOutdegreeCentralization,MaxDepDist,MaxFan
gra,0.3691825692346115,2.2632043931053323,2.007843137254902,4.396396396396397,0.4511791836417161,7.973333333333335,14.0
wiki,0.4247142480178886,1.5879605325933923,2.316455696202532,3.24,0.521031248425296,4.533333333333333,8.0
