,max (document wise),mean (document wise),min (document wise)
MISC,0.020618556,0.015628427,0.010638298
PER,0.010309278,0.010309278,0.010309278
ORG,0.020618556,0.020618556,0.020618556
