document,PER,MISC,ORG,LOC
Albers.txt,0.02275862,0.013793103,0.0062068966,0.01724138
Amanda_Alzheimer.txt,0.025573192,0.040564373,0.01675485,0.012345679
