document,NP,PP,CNP,S,AP,VP
Koronarthrombose.txt,0.06382979,0.04255319,0.010638298,0.031914894,,
Olfaktorischer Neglect.txt,0.14432989,0.020618556,,0.030927835,0.020618556,0.010309278
