,gra,wiki
gra,,6.537151416427915e-156
wiki,7.344640046908485e-160,
