corpus,anger,arousal,disgust,dominance,fear,joy,sadness,valence
gra,1.553692699490662,3.9429117147708,1.5577758913412565,5.1221052631578905,1.5712563667232602,1.844252971137521,1.5031154499151107,4.901706281833615
wiki,1.610923076923077,3.9378461538461536,1.6150769230769229,4.8552307692307695,1.6258461538461535,1.7826153846153847,1.5649230769230773,4.582307692307693
